pokemon_id,moves
1,"razor-wind, swords-dance, cut, bind, vine-whip"
2,"swords-dance, cut, bind, vine-whip, headbutt"
3,"swords-dance, cut, bind, vine-whip, headbutt"
4,"mega-punch, fire-punch, thunder-punch, scratch, swords-dance"
5,"mega-punch, fire-punch, thunder-punch, scratch, swords-dance"
6,"mega-punch, fire-punch, thunder-punch, scratch, swords-dance"
7,"mega-punch, ice-punch, mega-kick, headbutt, tackle"
8,"mega-punch, ice-punch, mega-kick, headbutt, tackle"
9,"mega-punch, ice-punch, mega-kick, headbutt, tackle"
10,"tackle, string-shot, snore, bug-bite, electroweb"
11,"string-shot, harden, iron-defense, bug-bite, electroweb"
12,"razor-wind, gust, whirlwind, headbutt, tackle"
13,"poison-sting, string-shot, bug-bite, electroweb"
14,"string-shot, harden, iron-defense, bug-bite, electroweb"
15,"swords-dance, cut, headbutt, fury-attack, take-down"
16,"razor-wind, gust, wing-attack, whirlwind, fly"
17,"razor-wind, gust, wing-attack, whirlwind, fly"
18,"razor-wind, gust, wing-attack, whirlwind, fly"
19,"cut, headbutt, tackle, body-slam, take-down"
20,"swords-dance, cut, headbutt, tackle, body-slam"
21,"razor-wind, wing-attack, whirlwind, fly, headbutt"
22,"razor-wind, wing-attack, whirlwind, fly, headbutt"
23,"bind, slam, headbutt, body-slam, wrap"
24,"bind, slam, headbutt, body-slam, wrap"
25,"mega-punch, pay-day, thunder-punch, slam, double-kick"
26,"mega-punch, pay-day, thunder-punch, slam, mega-kick"
27,"scratch, swords-dance, cut, sand-attack, headbutt"
28,"scratch, swords-dance, cut, sand-attack, headbutt"
29,"scratch, cut, double-kick, headbutt, tackle"
30,"scratch, cut, double-kick, headbutt, horn-drill"
31,"mega-punch, pay-day, fire-punch, ice-punch, thunder-punch"
32,"cut, double-kick, headbutt, horn-attack, fury-attack"
33,"cut, double-kick, headbutt, horn-attack, fury-attack"
34,"mega-punch, pay-day, fire-punch, ice-punch, thunder-punch"
35,"pound, double-slap, mega-punch, fire-punch, ice-punch"
36,"pound, double-slap, mega-punch, fire-punch, ice-punch"
37,"headbutt, tackle, body-slam, take-down, double-edge"
38,"headbutt, tackle, body-slam, take-down, double-edge"
39,"pound, double-slap, mega-punch, fire-punch, ice-punch"
40,"pound, double-slap, mega-punch, fire-punch, ice-punch"
41,"razor-wind, gust, wing-attack, whirlwind, fly"
42,"razor-wind, gust, wing-attack, whirlwind, fly"
43,"swords-dance, cut, headbutt, take-down, double-edge"
44,"swords-dance, cut, headbutt, take-down, double-edge"
45,"swords-dance, cut, headbutt, body-slam, take-down"
46,"scratch, swords-dance, cut, headbutt, body-slam"
47,"scratch, swords-dance, cut, headbutt, body-slam"
48,"headbutt, tackle, take-down, double-edge, supersonic"
49,"razor-wind, gust, whirlwind, headbutt, tackle"
50,"scratch, swords-dance, cut, sand-attack, headbutt"
51,"scratch, swords-dance, cut, sand-attack, headbutt"
52,"pay-day, scratch, cut, headbutt, body-slam"
53,"pay-day, scratch, cut, headbutt, body-slam"
54,"mega-punch, pay-day, ice-punch, scratch, mega-kick"
55,"mega-punch, pay-day, ice-punch, scratch, mega-kick"
56,"karate-chop, mega-punch, pay-day, fire-punch, ice-punch"
57,"karate-chop, mega-punch, pay-day, fire-punch, ice-punch"
58,"double-kick, headbutt, body-slam, take-down, thrash"
59,"headbutt, body-slam, take-down, double-edge, leer"
60,"pound, double-slap, headbutt, body-slam, take-down"
61,"pound, double-slap, mega-punch, ice-punch, mega-kick"
62,"pound, double-slap, mega-punch, ice-punch, mega-kick"
63,"mega-punch, fire-punch, ice-punch, thunder-punch, mega-kick"
64,"mega-punch, fire-punch, ice-punch, thunder-punch, mega-kick"
65,"mega-punch, fire-punch, ice-punch, thunder-punch, mega-kick"
66,"karate-chop, mega-punch, fire-punch, ice-punch, thunder-punch"
67,"karate-chop, mega-punch, fire-punch, ice-punch, thunder-punch"
68,"karate-chop, mega-punch, fire-punch, ice-punch, thunder-punch"
69,"swords-dance, cut, bind, slam, vine-whip"
70,"swords-dance, cut, bind, slam, vine-whip"
71,"swords-dance, cut, bind, slam, vine-whip"
72,"swords-dance, cut, bind, headbutt, wrap"
73,"swords-dance, cut, bind, headbutt, wrap"
74,"mega-punch, fire-punch, thunder-punch, sand-attack, headbutt"
75,"mega-punch, fire-punch, thunder-punch, sand-attack, headbutt"
76,"mega-punch, fire-punch, thunder-punch, mega-kick, sand-attack"
77,"stomp, double-kick, headbutt, horn-drill, tackle"
78,"pay-day, swords-dance, stomp, double-kick, headbutt"
79,"pay-day, stomp, headbutt, tackle, body-slam"
80,"mega-punch, pay-day, ice-punch, stomp, mega-kick"
81,"headbutt, tackle, take-down, double-edge, supersonic"
82,"headbutt, tackle, take-down, double-edge, supersonic"
83,"razor-wind, swords-dance, cut, gust, whirlwind"
84,"swords-dance, wing-attack, whirlwind, fly, jump-kick"
85,"swords-dance, wing-attack, whirlwind, fly, jump-kick"
86,"pay-day, slam, headbutt, horn-drill, body-slam"
87,"pay-day, headbutt, horn-drill, body-slam, take-down"
88,"pound, fire-punch, ice-punch, thunder-punch, headbutt"
89,"pound, fire-punch, ice-punch, thunder-punch, headbutt"
90,"headbutt, tackle, take-down, double-edge, twineedle"
91,"headbutt, tackle, body-slam, take-down, double-edge"
92,"fire-punch, ice-punch, thunder-punch, headbutt, disable"
93,"fire-punch, ice-punch, thunder-punch, headbutt, mega-drain"
94,"mega-punch, fire-punch, ice-punch, thunder-punch, mega-kick"
95,"bind, slam, headbutt, tackle, body-slam"
96,"pound, mega-punch, fire-punch, ice-punch, thunder-punch"
97,"pound, mega-punch, fire-punch, ice-punch, thunder-punch"
98,"vice-grip, guillotine, swords-dance, cut, slam"
99,"vice-grip, guillotine, swords-dance, cut, slam"
100,"headbutt, tackle, take-down, double-edge, sonic-boom"
101,"headbutt, tackle, take-down, double-edge, sonic-boom"
102,"swords-dance, headbutt, take-down, double-edge, psybeam"
103,"swords-dance, stomp, headbutt, body-slam, take-down"
104,"mega-punch, fire-punch, thunder-punch, swords-dance, double-kick"
105,"mega-punch, fire-punch, thunder-punch, swords-dance, mega-kick"
106,"mega-punch, swords-dance, double-kick, mega-kick, jump-kick"
107,"comet-punch, mega-punch, fire-punch, ice-punch, thunder-punch"
108,"mega-punch, fire-punch, ice-punch, thunder-punch, swords-dance"
109,"headbutt, tackle, body-slam, take-down, flamethrower"
110,"headbutt, tackle, body-slam, take-down, flamethrower"
111,"swords-dance, stomp, sand-attack, headbutt, horn-attack"
112,"mega-punch, pay-day, fire-punch, ice-punch, thunder-punch"
113,"pound, double-slap, mega-punch, fire-punch, ice-punch"
114,"swords-dance, cut, bind, slam, vine-whip"
115,"pound, comet-punch, mega-punch, fire-punch, ice-punch"
116,"razor-wind, headbutt, take-down, double-edge, leer"
117,"headbutt, take-down, double-edge, leer, disable"
118,"swords-dance, headbutt, horn-attack, fury-attack, horn-drill"
119,"swords-dance, headbutt, horn-attack, fury-attack, horn-drill"
120,"headbutt, tackle, take-down, double-edge, supersonic"
121,"headbutt, tackle, take-down, double-edge, water-gun"
122,"pound, double-slap, mega-punch, fire-punch, ice-punch"
123,"razor-wind, swords-dance, cut, wing-attack, headbutt"
124,"pound, double-slap, mega-punch, ice-punch, mega-kick"
125,"mega-punch, fire-punch, ice-punch, thunder-punch, mega-kick"
126,"mega-punch, fire-punch, thunder-punch, mega-kick, headbutt"
127,"vice-grip, guillotine, swords-dance, cut, bind"
128,"stomp, headbutt, horn-attack, horn-drill, tackle"
129,"tackle, hydro-pump, splash, flail, bounce"
130,"bind, headbutt, tackle, body-slam, take-down"
131,"headbutt, horn-drill, body-slam, take-down, double-edge"
132,transform
133,"pay-day, double-kick, sand-attack, headbutt, tackle"
134,"pay-day, double-kick, sand-attack, headbutt, tackle"
135,"pay-day, double-kick, sand-attack, headbutt, tackle"
136,"pay-day, double-kick, sand-attack, headbutt, tackle"
137,"headbutt, tackle, take-down, double-edge, ice-beam"
138,"bind, slam, sand-attack, headbutt, horn-attack"
139,"bind, sand-attack, headbutt, horn-attack, horn-drill"
140,"scratch, sand-attack, headbutt, body-slam, take-down"
141,"scratch, razor-wind, swords-dance, cut, mega-kick"
142,"razor-wind, wing-attack, whirlwind, fly, headbutt"
143,"mega-punch, pay-day, fire-punch, ice-punch, thunder-punch"
144,"razor-wind, gust, whirlwind, fly, headbutt"
145,"razor-wind, whirlwind, fly, headbutt, take-down"
146,"razor-wind, gust, wing-attack, whirlwind, fly"
147,"bind, slam, headbutt, body-slam, wrap"
148,"bind, slam, headbutt, horn-drill, body-slam"
149,"mega-punch, fire-punch, ice-punch, thunder-punch, razor-wind"
150,"mega-punch, pay-day, fire-punch, ice-punch, thunder-punch"
151,"pound, mega-punch, pay-day, fire-punch, ice-punch"
152,"swords-dance, cut, vine-whip, headbutt, tackle"
153,"swords-dance, cut, vine-whip, headbutt, tackle"
154,"swords-dance, cut, vine-whip, headbutt, tackle"
155,"cut, double-kick, headbutt, tackle, body-slam"
156,"cut, double-kick, headbutt, tackle, body-slam"
157,"mega-punch, fire-punch, thunder-punch, cut, double-kick"
158,"mega-punch, ice-punch, scratch, razor-wind, swords-dance"
159,"mega-punch, ice-punch, scratch, swords-dance, cut"
160,"mega-punch, ice-punch, scratch, swords-dance, cut"
161,"fire-punch, ice-punch, thunder-punch, scratch, cut"
162,"fire-punch, ice-punch, thunder-punch, scratch, cut"
163,"wing-attack, whirlwind, fly, tackle, take-down"
164,"wing-attack, whirlwind, fly, tackle, body-slam"
165,"comet-punch, mega-punch, ice-punch, thunder-punch, swords-dance"
166,"comet-punch, mega-punch, ice-punch, thunder-punch, swords-dance"
167,"body-slam, double-edge, poison-sting, twineedle, pin-missile"
168,"swords-dance, body-slam, double-edge, poison-sting, pin-missile"
169,"gust, wing-attack, fly, double-edge, bite"
170,"take-down, double-edge, supersonic, mist, water-gun"
171,"take-down, double-edge, supersonic, mist, water-gun"
172,"double-slap, mega-punch, thunder-punch, mega-kick, headbutt"
173,"pound, mega-punch, mega-kick, headbutt, tackle"
174,"pound, mega-punch, mega-kick, headbutt, body-slam"
175,"pound, mega-punch, mega-kick, headbutt, tackle"
176,"pound, mega-punch, fly, mega-kick, headbutt"
177,"double-edge, leer, peck, drill-peck, solar-beam"
178,"fly, double-edge, leer, hyper-beam, peck"
179,"sand-attack, headbutt, tackle, body-slam, take-down"
180,"mega-punch, fire-punch, ice-punch, thunder-punch, mega-kick"
181,"mega-punch, fire-punch, ice-punch, thunder-punch, mega-kick"
182,"swords-dance, cut, double-edge, acid, hyper-beam"
183,"mega-punch, ice-punch, slam, mega-kick, headbutt"
184,"mega-punch, ice-punch, slam, mega-kick, headbutt"
185,"mega-punch, fire-punch, ice-punch, thunder-punch, slam"
186,"pound, double-slap, mega-punch, ice-punch, mega-kick"
187,"pay-day, swords-dance, headbutt, tackle, take-down"
188,"swords-dance, headbutt, tackle, take-down, double-edge"
189,"swords-dance, headbutt, tackle, take-down, double-edge"
190,"double-slap, mega-punch, fire-punch, ice-punch, thunder-punch"
191,"swords-dance, cut, tackle, take-down, double-edge"
192,"pound, swords-dance, cut, tackle, take-down"
193,"swords-dance, gust, wing-attack, whirlwind, headbutt"
194,"ice-punch, slam, double-kick, headbutt, body-slam"
195,"mega-punch, ice-punch, slam, mega-kick, headbutt"
196,"pay-day, cut, sand-attack, headbutt, tackle"
197,"pay-day, cut, sand-attack, headbutt, tackle"
198,"gust, wing-attack, whirlwind, fly, take-down"
199,"mega-punch, pay-day, fire-punch, ice-punch, thunder-punch"
200,"headbutt, double-edge, growl, psybeam, hyper-beam"
201,hidden-power
202,"counter, amnesia, splash, destiny-bond, charm"
203,"razor-wind, stomp, double-kick, headbutt, tackle"
204,"headbutt, tackle, body-slam, take-down, double-edge"
205,"headbutt, tackle, body-slam, take-down, double-edge"
206,"bind, headbutt, body-slam, take-down, double-edge"
207,"guillotine, razor-wind, swords-dance, cut, wing-attack"
208,"cut, bind, slam, headbutt, tackle"
209,"mega-punch, fire-punch, ice-punch, thunder-punch, mega-kick"
210,"mega-punch, fire-punch, ice-punch, thunder-punch, mega-kick"
211,"swords-dance, headbutt, tackle, take-down, double-edge"
212,"razor-wind, swords-dance, cut, wing-attack, headbutt"
213,"bind, headbutt, body-slam, wrap, double-edge"
214,"swords-dance, cut, headbutt, horn-attack, fury-attack"
215,"mega-punch, ice-punch, scratch, swords-dance, cut"
216,"mega-punch, fire-punch, ice-punch, thunder-punch, scratch"
217,"mega-punch, fire-punch, ice-punch, thunder-punch, scratch"
218,"body-slam, take-down, double-edge, ember, flamethrower"
219,"body-slam, take-down, double-edge, ember, flamethrower"
220,"headbutt, tackle, body-slam, take-down, double-edge"
221,"headbutt, horn-attack, fury-attack, tackle, body-slam"
222,"headbutt, tackle, body-slam, double-edge, mist"
223,"double-edge, supersonic, flamethrower, water-gun, hydro-pump"
224,"bind, wrap, double-edge, flamethrower, water-gun"
225,"mega-punch, ice-punch, fly, mega-kick, headbutt"
226,"wing-attack, slam, headbutt, tackle, body-slam"
227,"swords-dance, cut, wing-attack, whirlwind, fly"
228,"headbutt, body-slam, take-down, double-edge, leer"
229,"headbutt, body-slam, take-down, double-edge, leer"
230,"headbutt, body-slam, take-down, double-edge, leer"
231,"slam, headbutt, tackle, body-slam, take-down"
232,"slam, headbutt, horn-attack, fury-attack, tackle"
233,"tackle, take-down, double-edge, ice-beam, blizzard"
234,"stomp, double-kick, jump-kick, sand-attack, headbutt"
235,sketch
236,"mega-punch, mega-kick, headbutt, tackle, body-slam"
237,"mega-punch, mega-kick, rolling-kick, headbutt, tackle"
238,"pound, mega-punch, ice-punch, mega-kick, body-slam"
239,"karate-chop, mega-punch, fire-punch, ice-punch, thunder-punch"
240,"karate-chop, mega-punch, fire-punch, thunder-punch, mega-kick"
241,"mega-punch, fire-punch, ice-punch, thunder-punch, stomp"
242,"pound, double-slap, mega-punch, fire-punch, ice-punch"
243,"cut, headbutt, body-slam, take-down, double-edge"
244,"cut, stomp, headbutt, body-slam, take-down"
245,"cut, gust, headbutt, body-slam, take-down"
246,"stomp, headbutt, tackle, body-slam, take-down"
247,"headbutt, tackle, body-slam, take-down, thrash"
248,"mega-punch, fire-punch, ice-punch, thunder-punch, cut"
249,"gust, whirlwind, fly, headbutt, body-slam"
250,"gust, whirlwind, fly, body-slam, take-down"
251,"swords-dance, cut, double-edge, hyper-beam, leech-seed"
252,"pound, mega-punch, thunder-punch, razor-wind, swords-dance"
253,"pound, mega-punch, thunder-punch, swords-dance, cut"
254,"pound, mega-punch, thunder-punch, swords-dance, cut"
255,"mega-punch, scratch, swords-dance, cut, mega-kick"
256,"mega-punch, fire-punch, thunder-punch, scratch, swords-dance"
257,"mega-punch, fire-punch, thunder-punch, scratch, swords-dance"
258,"stomp, headbutt, tackle, body-slam, take-down"
259,"mega-punch, ice-punch, stomp, mega-kick, headbutt"
260,"mega-punch, ice-punch, stomp, mega-kick, headbutt"
261,"sand-attack, headbutt, tackle, body-slam, take-down"
262,"sand-attack, headbutt, tackle, body-slam, take-down"
263,"cut, sand-attack, headbutt, tackle, body-slam"
264,"cut, sand-attack, headbutt, tackle, body-slam"
265,"tackle, poison-sting, string-shot, snore, bug-bite"
266,"tackle, poison-sting, string-shot, harden, iron-defense"
267,"gust, whirlwind, tackle, double-edge, poison-sting"
268,"tackle, poison-sting, string-shot, harden, iron-defense"
269,"gust, whirlwind, tackle, double-edge, poison-sting"
270,"swords-dance, headbutt, body-slam, take-down, double-edge"
271,"mega-punch, fire-punch, ice-punch, thunder-punch, swords-dance"
272,"mega-punch, fire-punch, ice-punch, thunder-punch, swords-dance"
273,"razor-wind, swords-dance, headbutt, tackle, body-slam"
274,"pound, razor-wind, swords-dance, cut, mega-kick"
275,"pound, swords-dance, cut, whirlwind, mega-kick"
276,"wing-attack, whirlwind, fly, double-edge, growl"
277,"wing-attack, fly, double-edge, growl, hyper-beam"
278,"gust, wing-attack, fly, take-down, double-edge"
279,"wing-attack, fly, body-slam, take-down, double-edge"
280,"mega-punch, fire-punch, ice-punch, thunder-punch, mega-kick"
281,"mega-punch, fire-punch, ice-punch, thunder-punch, mega-kick"
282,"mega-punch, fire-punch, ice-punch, thunder-punch, mega-kick"
283,"take-down, double-edge, mist, water-gun, hydro-pump"
284,"gust, whirlwind, take-down, double-edge, supersonic"
285,"swords-dance, headbutt, tackle, body-slam, take-down"
286,"mega-punch, thunder-punch, swords-dance, cut, mega-kick"
287,"mega-punch, fire-punch, ice-punch, thunder-punch, scratch"
288,"mega-punch, fire-punch, ice-punch, thunder-punch, scratch"
289,"mega-punch, fire-punch, ice-punch, thunder-punch, scratch"
290,"scratch, cut, gust, sand-attack, double-edge"
291,"scratch, swords-dance, cut, sand-attack, double-edge"
292,"scratch, cut, sand-attack, double-edge, hyper-beam"
293,"pound, mega-punch, fire-punch, ice-punch, thunder-punch"
294,"pound, mega-punch, fire-punch, ice-punch, thunder-punch"
295,"pound, mega-punch, fire-punch, ice-punch, thunder-punch"
296,"mega-punch, fire-punch, ice-punch, thunder-punch, whirlwind"
297,"mega-punch, fire-punch, ice-punch, thunder-punch, whirlwind"
298,"slam, headbutt, body-slam, take-down, double-edge"
299,"fire-punch, ice-punch, thunder-punch, headbutt, tackle"
300,"double-slap, headbutt, tackle, body-slam, double-edge"
301,"double-slap, headbutt, tackle, body-slam, double-edge"
302,"mega-punch, fire-punch, ice-punch, thunder-punch, scratch"
303,"mega-punch, ice-punch, thunder-punch, vice-grip, swords-dance"
304,"cut, stomp, headbutt, tackle, body-slam"
305,"cut, headbutt, tackle, body-slam, take-down"
306,"mega-punch, fire-punch, ice-punch, thunder-punch, cut"
307,"pound, mega-punch, fire-punch, ice-punch, thunder-punch"
308,"pound, mega-punch, fire-punch, ice-punch, thunder-punch"
309,"headbutt, tackle, body-slam, double-edge, leer"
310,"headbutt, tackle, body-slam, double-edge, leer"
311,"mega-punch, thunder-punch, mega-kick, headbutt, body-slam"
312,"mega-punch, thunder-punch, mega-kick, headbutt, body-slam"
313,"mega-punch, ice-punch, thunder-punch, mega-kick, tackle"
314,"mega-punch, ice-punch, thunder-punch, mega-kick, tackle"
315,"swords-dance, cut, body-slam, double-edge, poison-sting"
316,"pound, fire-punch, ice-punch, thunder-punch, swords-dance"
317,"pound, fire-punch, ice-punch, thunder-punch, swords-dance"
318,"take-down, thrash, double-edge, leer, bite"
319,"take-down, double-edge, leer, bite, roar"
320,"headbutt, body-slam, thrash, double-edge, growl"
321,"headbutt, body-slam, double-edge, growl, roar"
322,"stomp, headbutt, tackle, body-slam, take-down"
323,"headbutt, tackle, body-slam, take-down, double-edge"
324,"headbutt, body-slam, take-down, double-edge, ember"
325,"whirlwind, headbutt, body-slam, take-down, double-edge"
326,"mega-punch, fire-punch, ice-punch, thunder-punch, mega-kick"
327,"mega-punch, fire-punch, ice-punch, thunder-punch, mega-kick"
328,"gust, sand-attack, headbutt, body-slam, take-down"
329,"gust, fly, sand-attack, headbutt, body-slam"
330,"mega-punch, fire-punch, thunder-punch, gust, fly"
331,"mega-punch, thunder-punch, swords-dance, cut, sand-attack"
332,"mega-punch, thunder-punch, swords-dance, cut, mega-kick"
333,"fly, fury-attack, body-slam, take-down, double-edge"
334,"fly, fury-attack, body-slam, take-down, double-edge"
335,"mega-punch, fire-punch, ice-punch, thunder-punch, scratch"
336,"swords-dance, bind, headbutt, body-slam, wrap"
337,"tackle, body-slam, double-edge, ice-beam, blizzard"
338,"swords-dance, tackle, body-slam, double-edge, flamethrower"
339,"headbutt, take-down, thrash, double-edge, water-gun"
340,"headbutt, body-slam, take-down, thrash, double-edge"
341,"vice-grip, guillotine, swords-dance, cut, body-slam"
342,"vice-grip, guillotine, swords-dance, cut, body-slam"
343,"headbutt, double-edge, ice-beam, psybeam, solar-beam"
344,"headbutt, double-edge, ice-beam, psybeam, hyper-beam"
345,"swords-dance, bind, body-slam, wrap, double-edge"
346,"swords-dance, bind, headbutt, body-slam, wrap"
347,"scratch, swords-dance, cut, sand-attack, headbutt"
348,"scratch, swords-dance, cut, headbutt, body-slam"
349,"tackle, double-edge, mist, surf, ice-beam"
350,"bind, tackle, body-slam, wrap, take-down"
351,"headbutt, tackle, body-slam, double-edge, disable"
352,"mega-punch, fire-punch, ice-punch, thunder-punch, scratch"
353,"headbutt, body-slam, double-edge, disable, psybeam"
354,"swords-dance, headbutt, body-slam, double-edge, psybeam"
355,"headbutt, body-slam, double-edge, leer, disable"
356,"mega-punch, fire-punch, ice-punch, thunder-punch, bind"
357,"razor-wind, swords-dance, cut, gust, whirlwind"
358,"bind, tackle, wrap, take-down, double-edge"
359,"scratch, razor-wind, swords-dance, cut, headbutt"
360,"counter, amnesia, splash, destiny-bond, charm"
361,"headbutt, body-slam, take-down, double-edge, leer"
362,"headbutt, body-slam, take-down, double-edge, leer"
363,"headbutt, body-slam, double-edge, growl, water-gun"
364,"headbutt, body-slam, double-edge, growl, roar"
365,"swords-dance, headbutt, body-slam, double-edge, growl"
366,"body-slam, double-edge, supersonic, water-gun, surf"
367,"bind, body-slam, double-edge, bite, water-gun"
368,"bind, body-slam, double-edge, water-gun, hydro-pump"
369,"headbutt, tackle, body-slam, take-down, double-edge"
370,"tackle, take-down, double-edge, supersonic, water-gun"
371,"cut, headbutt, body-slam, take-down, thrash"
372,"cut, headbutt, body-slam, take-down, double-edge"
373,"cut, fly, headbutt, body-slam, take-down"
374,"headbutt, tackle, take-down, iron-defense, zen-headbutt"
375,"ice-punch, thunder-punch, cut, headbutt, tackle"
376,"ice-punch, thunder-punch, cut, headbutt, tackle"
377,"mega-punch, fire-punch, ice-punch, thunder-punch, stomp"
378,"mega-punch, ice-punch, thunder-punch, stomp, mega-kick"
379,"mega-punch, ice-punch, thunder-punch, stomp, mega-kick"
380,"cut, fly, body-slam, take-down, double-edge"
381,"cut, fly, body-slam, take-down, double-edge"
382,"headbutt, body-slam, take-down, double-edge, roar"
383,"mega-punch, fire-punch, thunder-punch, swords-dance, cut"
384,"swords-dance, fly, bind, headbutt, body-slam"
385,"mega-punch, fire-punch, ice-punch, thunder-punch, mega-kick"
386,"fire-punch, ice-punch, thunder-punch, cut, bind"
387,"swords-dance, cut, headbutt, tackle, body-slam"
388,"swords-dance, cut, headbutt, tackle, body-slam"
389,"swords-dance, cut, headbutt, tackle, body-slam"
390,"fire-punch, thunder-punch, scratch, swords-dance, cut"
391,"fire-punch, thunder-punch, scratch, swords-dance, cut"
392,"fire-punch, thunder-punch, scratch, swords-dance, cut"
393,"pound, cut, headbutt, fury-attack, tackle"
394,"pound, cut, headbutt, fury-attack, tackle"
395,"pound, swords-dance, cut, headbutt, fury-attack"
396,"gust, wing-attack, whirlwind, fly, sand-attack"
397,"gust, wing-attack, whirlwind, fly, tackle"
398,"gust, wing-attack, whirlwind, fly, tackle"
399,"swords-dance, cut, headbutt, tackle, take-down"
400,"swords-dance, cut, headbutt, tackle, take-down"
401,"pound, tackle, growl, absorb, string-shot"
402,"pound, swords-dance, cut, tackle, take-down"
403,"double-kick, headbutt, tackle, take-down, double-edge"
404,"headbutt, tackle, take-down, double-edge, leer"
405,"headbutt, tackle, body-slam, take-down, double-edge"
406,"swords-dance, cut, poison-sting, pin-missile, absorb"
407,"swords-dance, cut, body-slam, poison-sting, pin-missile"
408,"fire-punch, thunder-punch, swords-dance, whirlwind, slam"
409,"fire-punch, thunder-punch, swords-dance, cut, whirlwind"
410,"headbutt, tackle, body-slam, take-down, double-edge"
411,"headbutt, tackle, body-slam, take-down, double-edge"
412,"tackle, string-shot, snore, protect, hidden-power"
413,"gust, tackle, psybeam, hyper-beam, growth"
414,"gust, tackle, psybeam, hyper-beam, solar-beam"
415,"gust, string-shot, swift, snore, mud-slap"
416,"cut, gust, take-down, poison-sting, pin-missile"
417,"thunder-punch, cut, headbutt, take-down, tail-whip"
418,"double-slap, ice-punch, razor-wind, headbutt, tackle"
419,"ice-punch, razor-wind, headbutt, tackle, body-slam"
420,"swords-dance, tackle, take-down, double-edge, absorb"
421,"swords-dance, tackle, take-down, double-edge, hyper-beam"
422,"headbutt, tackle, body-slam, take-down, mist"
423,"headbutt, tackle, body-slam, take-down, water-gun"
424,"fire-punch, ice-punch, thunder-punch, scratch, cut"
425,"cut, gust, fly, bind, body-slam"
426,"cut, gust, fly, bind, body-slam"
427,"pound, mega-punch, fire-punch, ice-punch, thunder-punch"
428,"pound, mega-punch, fire-punch, ice-punch, thunder-punch"
429,"headbutt, growl, psybeam, hyper-beam, thunderbolt"
430,"gust, wing-attack, fly, take-down, double-edge"
431,"scratch, cut, sand-attack, headbutt, tackle"
432,"scratch, cut, headbutt, tackle, body-slam"
433,"bind, tackle, wrap, double-edge, growl"
434,"scratch, cut, headbutt, tackle, body-slam"
435,"scratch, cut, headbutt, tackle, body-slam"
436,"tackle, body-slam, take-down, solar-beam, earthquake"
437,"tackle, body-slam, take-down, psybeam, hyper-beam"
438,"slam, headbutt, tackle, body-slam, take-down"
439,"pound, double-slap, headbutt, psybeam, solar-beam"
440,"pound, headbutt, tackle, take-down, double-edge"
441,"gust, fly, fury-attack, growl, sing"
442,"body-slam, disable, psybeam, hyper-beam, toxic"
443,"swords-dance, cut, sand-attack, headbutt, tackle"
444,"swords-dance, cut, sand-attack, headbutt, tackle"
445,"swords-dance, cut, sand-attack, headbutt, tackle"
446,"mega-punch, pay-day, fire-punch, ice-punch, thunder-punch"
447,"mega-punch, ice-punch, thunder-punch, swords-dance, mega-kick"
448,"mega-punch, ice-punch, thunder-punch, swords-dance, mega-kick"
449,"whirlwind, sand-attack, headbutt, tackle, body-slam"
450,"sand-attack, headbutt, tackle, body-slam, take-down"
451,"swords-dance, cut, whirlwind, sand-attack, headbutt"
452,"swords-dance, cut, headbutt, poison-sting, pin-missile"
453,"mega-punch, ice-punch, thunder-punch, mega-kick, headbutt"
454,"mega-punch, ice-punch, thunder-punch, swords-dance, cut"
455,"swords-dance, cut, bind, slam, vine-whip"
456,"pound, gust, take-down, water-gun, hydro-pump"
457,"pound, gust, take-down, water-gun, hydro-pump"
458,"wing-attack, slam, headbutt, tackle, take-down"
459,"mega-punch, ice-punch, swords-dance, stomp, headbutt"
460,"mega-punch, ice-punch, swords-dance, mega-kick, headbutt"
461,"mega-punch, ice-punch, scratch, swords-dance, cut"
462,"tackle, body-slam, take-down, double-edge, supersonic"
463,"mega-punch, fire-punch, ice-punch, thunder-punch, swords-dance"
464,"mega-punch, pay-day, fire-punch, ice-punch, thunder-punch"
465,"swords-dance, cut, bind, slam, vine-whip"
466,"mega-punch, fire-punch, ice-punch, thunder-punch, mega-kick"
467,"mega-punch, fire-punch, thunder-punch, mega-kick, headbutt"
468,"pound, mega-punch, fly, mega-kick, headbutt"
469,"swords-dance, gust, wing-attack, whirlwind, headbutt"
470,"pay-day, swords-dance, sand-attack, headbutt, tackle"
471,"pay-day, sand-attack, headbutt, tackle, body-slam"
472,"guillotine, swords-dance, cut, wing-attack, sand-attack"
473,"headbutt, fury-attack, tackle, body-slam, take-down"
474,"tackle, take-down, double-edge, ice-beam, blizzard"
475,"mega-punch, fire-punch, ice-punch, thunder-punch, swords-dance"
476,"fire-punch, ice-punch, thunder-punch, headbutt, tackle"
477,"mega-punch, fire-punch, ice-punch, thunder-punch, bind"
478,"ice-punch, headbutt, body-slam, take-down, leer"
479,"thunder-shock, thunderbolt, thunder-wave, thunder, toxic"
480,"fire-punch, ice-punch, thunder-punch, headbutt, psybeam"
481,"fire-punch, ice-punch, thunder-punch, headbutt, double-edge"
482,"fire-punch, ice-punch, thunder-punch, headbutt, double-edge"
483,"cut, headbutt, body-slam, take-down, roar"
484,"cut, headbutt, body-slam, take-down, roar"
485,"headbutt, body-slam, take-down, leer, roar"
486,"pound, mega-punch, fire-punch, ice-punch, thunder-punch"
487,"cut, fly, headbutt, body-slam, take-down"
488,"tackle, body-slam, mist, ice-beam, psybeam"
489,"supersonic, water-gun, hydro-pump, surf, ice-beam"
490,"supersonic, water-gun, hydro-pump, surf, ice-beam"
491,"swords-dance, cut, headbutt, disable, ice-beam"
492,"swords-dance, headbutt, take-down, double-edge, hyper-beam"
493,"swords-dance, cut, fly, headbutt, body-slam"
494,"mega-punch, fire-punch, thunder-punch, mega-kick, headbutt"
495,"swords-dance, cut, bind, slam, vine-whip"
496,"swords-dance, cut, bind, slam, vine-whip"
497,"swords-dance, cut, bind, slam, vine-whip"
498,"fire-punch, tackle, body-slam, take-down, thrash"
499,"fire-punch, thunder-punch, tackle, body-slam, take-down"
500,"fire-punch, thunder-punch, tackle, body-slam, take-down"
501,"swords-dance, cut, tackle, take-down, tail-whip"
502,"swords-dance, cut, tackle, take-down, tail-whip"
503,"swords-dance, cut, tackle, body-slam, take-down"
504,"swords-dance, cut, slam, sand-attack, tackle"
505,"fire-punch, ice-punch, thunder-punch, swords-dance, cut"
506,"sand-attack, tackle, take-down, leer, bite"
507,"tackle, take-down, leer, bite, roar"
508,"tackle, take-down, leer, bite, roar"
509,"pay-day, scratch, cut, sand-attack, growl"
510,"pay-day, scratch, cut, sand-attack, growl"
511,"scratch, cut, vine-whip, leer, bite"
512,"cut, leer, hyper-beam, low-kick, solar-beam"
513,"fire-punch, scratch, cut, leer, bite"
514,"fire-punch, cut, leer, flamethrower, hyper-beam"
515,"ice-punch, scratch, cut, leer, bite"
516,"ice-punch, cut, leer, surf, ice-beam"
517,"sonic-boom, psybeam, thunder-wave, toxic, psychic"
518,"psybeam, hyper-beam, thunder-wave, toxic, psychic"
519,"razor-wind, gust, fly, leer, growl"
520,"razor-wind, gust, fly, leer, growl"
521,"razor-wind, gust, fly, leer, growl"
522,"stomp, double-kick, sand-attack, body-slam, take-down"
523,"stomp, double-kick, sand-attack, body-slam, take-down"
524,"sand-attack, headbutt, tackle, take-down, strength"
525,"sand-attack, headbutt, tackle, strength, earthquake"
526,"sand-attack, headbutt, tackle, hyper-beam, strength"
527,"gust, fly, supersonic, thunder-wave, toxic"
528,"gust, fly, hyper-beam, thunder-wave, toxic"
529,"scratch, swords-dance, cut, take-down, double-edge"
530,"scratch, swords-dance, cut, horn-drill, body-slam"
531,"pound, double-slap, mega-punch, fire-punch, ice-punch"
532,"pound, comet-punch, mega-punch, fire-punch, ice-punch"
533,"pound, mega-punch, fire-punch, ice-punch, thunder-punch"
534,"pound, mega-punch, fire-punch, ice-punch, thunder-punch"
535,"growl, supersonic, acid, mist, hydro-pump"
536,"growl, supersonic, acid, hydro-pump, surf"
537,"mega-punch, ice-punch, mega-kick, growl, supersonic"
538,"mega-punch, fire-punch, ice-punch, thunder-punch, bind"
539,"karate-chop, mega-punch, fire-punch, ice-punch, thunder-punch"
540,"razor-wind, cut, tackle, take-down, razor-leaf"
541,"cut, tackle, take-down, razor-leaf, solar-beam"
542,"swords-dance, cut, tackle, take-down, hyper-beam"
543,"take-down, double-edge, poison-sting, twineedle, pin-missile"
544,"take-down, double-edge, poison-sting, pin-missile, solar-beam"
545,"swords-dance, cut, take-down, double-edge, poison-sting"
546,"absorb, mega-drain, leech-seed, growth, razor-leaf"
547,"gust, hyper-beam, absorb, mega-drain, leech-seed"
548,"cut, absorb, mega-drain, leech-seed, growth"
549,"swords-dance, cut, hyper-beam, absorb, mega-drain"
550,"cut, headbutt, tackle, take-down, thrash"
551,"cut, sand-attack, body-slam, take-down, thrash"
552,"mega-punch, cut, mega-kick, sand-attack, body-slam"
553,"mega-punch, cut, mega-kick, sand-attack, body-slam"
554,"mega-punch, fire-punch, mega-kick, headbutt, tackle"
555,"mega-punch, fire-punch, mega-kick, headbutt, tackle"
556,"pin-missile, peck, absorb, mega-drain, leech-seed"
557,"swords-dance, cut, sand-attack, counter, strength"
558,"swords-dance, cut, sand-attack, hyper-beam, strength"
559,"mega-punch, fire-punch, ice-punch, thunder-punch, mega-kick"
560,"mega-punch, fire-punch, ice-punch, thunder-punch, swords-dance"
561,"gust, whirlwind, fly, ice-beam, psybeam"
562,"disable, toxic, psychic, night-shade, double-team"
563,"disable, hyper-beam, toxic, psychic, night-shade"
564,"slam, body-slam, bite, water-gun, hydro-pump"
565,"body-slam, bite, water-gun, hydro-pump, surf"
566,"cut, wing-attack, thrash, leer, bite"
567,"cut, wing-attack, fly, thrash, leer"
568,"pound, double-slap, sand-attack, take-down, toxic"
569,"pound, double-slap, body-slam, take-down, hyper-beam"
570,"scratch, swords-dance, cut, take-down, leer"
571,"mega-punch, scratch, swords-dance, cut, mega-kick"
572,"pound, double-slap, slam, take-down, tail-whip"
573,"pound, slam, take-down, double-edge, tail-whip"
574,"pound, double-slap, psybeam, thunderbolt, thunder-wave"
575,"pound, double-slap, psybeam, thunderbolt, thunder-wave"
576,"pound, double-slap, body-slam, psybeam, hyper-beam"
577,"psybeam, thunder-wave, thunder, toxic, confusion"
578,"psybeam, thunder-wave, thunder, toxic, confusion"
579,"mega-punch, fire-punch, ice-punch, thunder-punch, body-slam"
580,"gust, wing-attack, fly, double-edge, water-gun"
581,"gust, wing-attack, fly, double-edge, water-gun"
582,"mist, ice-beam, blizzard, toxic, double-team"
583,"mist, ice-beam, blizzard, toxic, double-team"
584,"mist, ice-beam, blizzard, hyper-beam, toxic"
585,"double-kick, jump-kick, sand-attack, headbutt, tackle"
586,"swords-dance, cut, double-kick, jump-kick, sand-attack"
587,"cut, tail-whip, solar-beam, thunder-shock, thunderbolt"
588,"swords-dance, cut, headbutt, horn-attack, fury-attack"
589,"swords-dance, cut, headbutt, fury-attack, take-down"
590,"body-slam, absorb, mega-drain, growth, solar-beam"
591,"body-slam, hyper-beam, absorb, mega-drain, growth"
592,"bind, poison-sting, mist, water-gun, hydro-pump"
593,"bind, poison-sting, water-gun, hydro-pump, surf"
594,"pound, double-slap, body-slam, take-down, mist"
595,"cut, poison-sting, pin-missile, disable, absorb"
596,"cut, poison-sting, pin-missile, hyper-beam, absorb"
597,"tackle, pin-missile, leech-seed, solar-beam, thunderbolt"
598,"swords-dance, cut, tackle, pin-missile, hyper-beam"
599,"vice-grip, bind, hyper-beam, thunder-shock, thunderbolt"
600,"vice-grip, bind, hyper-beam, thunder-shock, thunderbolt"
601,"vice-grip, bind, hyper-beam, thunder-shock, thunderbolt"
602,"tackle, thunder-wave, spark, charge, knock-off"
603,"bind, headbutt, body-slam, take-down, thrash"
604,"fire-punch, thunder-punch, cut, bind, headbutt"
605,"headbutt, growl, disable, psybeam, thunderbolt"
606,"headbutt, growl, psybeam, hyper-beam, thunderbolt"
607,"acid, ember, flamethrower, solar-beam, fire-spin"
608,"ember, flamethrower, solar-beam, fire-spin, toxic"
609,"ember, flamethrower, hyper-beam, solar-beam, fire-spin"
610,"scratch, guillotine, razor-wind, swords-dance, cut"
611,"scratch, guillotine, swords-dance, cut, take-down"
612,"scratch, guillotine, swords-dance, cut, body-slam"
613,"mega-punch, ice-punch, cut, mega-kick, body-slam"
614,"mega-punch, ice-punch, swords-dance, cut, mega-kick"
615,"bind, body-slam, take-down, mist, ice-beam"
616,"body-slam, double-edge, acid, absorb, mega-drain"
617,"body-slam, acid, hyper-beam, absorb, mega-drain"
618,"tackle, water-gun, surf, thunder-shock, thunderbolt"
619,"pound, double-slap, mega-punch, swords-dance, mega-kick"
620,"pound, double-slap, mega-punch, swords-dance, mega-kick"
621,"mega-punch, fire-punch, thunder-punch, scratch, cut"
622,"pound, mega-punch, fire-punch, ice-punch, thunder-punch"
623,"pound, mega-punch, fire-punch, ice-punch, thunder-punch"
624,"scratch, guillotine, swords-dance, cut, headbutt"
625,"scratch, guillotine, swords-dance, cut, take-down"
626,"swords-dance, cut, stomp, headbutt, horn-attack"
627,"cut, wing-attack, whirlwind, fly, fury-attack"
628,"cut, wing-attack, whirlwind, fly, fury-attack"
629,"cut, gust, whirlwind, fly, fury-attack"
630,"cut, gust, whirlwind, fly, fury-attack"
631,"fire-punch, thunder-punch, cut, bind, tackle"
632,"vice-grip, guillotine, cut, sand-attack, bite"
633,"slam, headbutt, tackle, body-slam, take-down"
634,"slam, headbutt, tackle, body-slam, take-down"
635,"fly, slam, headbutt, tackle, body-slam"
636,"body-slam, take-down, thrash, double-edge, ember"
637,"gust, whirlwind, fly, body-slam, take-down"
638,"swords-dance, cut, double-kick, body-slam, take-down"
639,"swords-dance, cut, double-kick, body-slam, take-down"
640,"swords-dance, cut, double-kick, body-slam, take-down"
641,"gust, fly, tackle, body-slam, take-down"
642,"thunder-punch, fly, tackle, body-slam, take-down"
643,"cut, fly, body-slam, take-down, double-edge"
644,"thunder-punch, cut, fly, body-slam, take-down"
645,"swords-dance, fly, tackle, body-slam, take-down"
646,"cut, fly, body-slam, take-down, roar"
647,"swords-dance, cut, double-kick, take-down, double-edge"
648,"fire-punch, ice-punch, thunder-punch, swords-dance, sing"
649,"fly, flamethrower, ice-beam, blizzard, hyper-beam"
650,"thunder-punch, swords-dance, cut, vine-whip, tackle"
651,"thunder-punch, swords-dance, cut, vine-whip, tackle"
652,"thunder-punch, swords-dance, cut, vine-whip, tackle"
653,"scratch, cut, take-down, tail-whip, ember"
654,"fire-punch, thunder-punch, scratch, cut, take-down"
655,"fire-punch, thunder-punch, scratch, cut, take-down"
656,"pound, cut, take-down, growl, water-gun"
657,"pound, ice-punch, swords-dance, cut, take-down"
658,"pound, ice-punch, swords-dance, cut, take-down"
659,"double-slap, swords-dance, cut, double-kick, tackle"
660,"double-slap, mega-punch, fire-punch, ice-punch, thunder-punch"
661,"razor-wind, swords-dance, fly, tackle, take-down"
662,"razor-wind, swords-dance, fly, tackle, take-down"
663,"razor-wind, swords-dance, fly, tackle, take-down"
664,"tackle, poison-powder, stun-spore, string-shot, bug-bite"
665,"harden, protect, iron-defense, bug-bite, struggle-bug"
666,"gust, supersonic, psybeam, hyper-beam, solar-beam"
667,"headbutt, tackle, body-slam, take-down, double-edge"
668,"headbutt, tackle, body-slam, take-down, double-edge"
669,"vine-whip, tackle, razor-leaf, solar-beam, petal-dance"
670,"vine-whip, tackle, razor-leaf, solar-beam, petal-dance"
671,"hyper-beam, solar-beam, petal-dance, toxic, psychic"
672,"vine-whip, tackle, body-slam, take-down, double-edge"
673,"vine-whip, tackle, body-slam, take-down, double-edge"
674,"karate-chop, comet-punch, mega-punch, fire-punch, ice-punch"
675,"karate-chop, comet-punch, mega-punch, fire-punch, ice-punch"
676,"sand-attack, headbutt, tackle, take-down, tail-whip"
677,"pay-day, scratch, cut, leer, psybeam"
678,"pay-day, scratch, cut, leer, psybeam"
679,"swords-dance, cut, tackle, toxic, screech"
680,"swords-dance, cut, tackle, toxic, screech"
681,"swords-dance, cut, tackle, hyper-beam, toxic"
682,"disable, thunderbolt, toxic, psychic, double-team"
683,"hyper-beam, thunderbolt, thunder, toxic, psychic"
684,"tackle, flamethrower, surf, string-shot, thunderbolt"
685,"tackle, flamethrower, surf, hyper-beam, string-shot"
686,"cut, bind, tackle, wrap, disable"
687,"cut, bind, tackle, wrap, disable"
688,"scratch, swords-dance, cut, sand-attack, water-gun"
689,"scratch, swords-dance, cut, sand-attack, water-gun"
690,"tackle, take-down, tail-whip, acid, water-gun"
691,"tackle, take-down, tail-whip, acid, water-gun"
692,"vice-grip, swords-dance, cut, take-down, water-gun"
693,"vice-grip, swords-dance, cut, body-slam, take-down"
694,"pound, razor-wind, cut, tail-whip, surf"
695,"pound, mega-punch, fire-punch, thunder-punch, razor-wind"
696,"stomp, horn-drill, tackle, body-slam, thrash"
697,"stomp, horn-drill, tackle, body-slam, thrash"
698,"body-slam, take-down, growl, roar, mist"
699,"body-slam, take-down, growl, roar, mist"
700,"pay-day, cut, sand-attack, tackle, body-slam"
701,"karate-chop, mega-punch, fire-punch, thunder-punch, swords-dance"
702,"thunder-punch, cut, tackle, take-down, tail-whip"
703,"tackle, body-slam, take-down, double-edge, hyper-beam"
704,"tackle, body-slam, take-down, water-gun, hydro-pump"
705,"tackle, body-slam, take-down, water-gun, ice-beam"
706,"mega-punch, fire-punch, thunder-punch, mega-kick, tackle"
707,"cut, tackle, hyper-beam, thunder-wave, toxic"
708,"cut, tackle, disable, strength, leech-seed"
709,"cut, tackle, take-down, disable, hyper-beam"
710,"disable, flamethrower, leech-seed, razor-leaf, solar-beam"
711,"flamethrower, hyper-beam, leech-seed, razor-leaf, solar-beam"
712,"tackle, body-slam, take-down, double-edge, bite"
713,"tackle, body-slam, take-down, double-edge, bite"
714,"razor-wind, cut, gust, wing-attack, whirlwind"
715,"razor-wind, cut, gust, wing-attack, whirlwind"
716,"cut, tackle, body-slam, take-down, roar"
717,"razor-wind, cut, gust, fly, body-slam"
718,"bind, body-slam, bite, hyper-beam, strength"
719,"tackle, body-slam, take-down, hyper-beam, rock-throw"
720,"fire-punch, ice-punch, thunder-punch, take-down, psybeam"
721,"cut, stomp, body-slam, take-down, double-edge"
722,"swords-dance, gust, fury-attack, tackle, take-down"
723,"swords-dance, gust, fury-attack, tackle, take-down"
724,"swords-dance, fury-attack, tackle, take-down, growl"
725,"pay-day, scratch, swords-dance, double-kick, body-slam"
726,"pay-day, scratch, swords-dance, double-kick, body-slam"
727,"mega-punch, pay-day, fire-punch, thunder-punch, scratch"
728,"pound, double-slap, growl, sing, water-gun"
729,"pound, double-slap, body-slam, growl, sing"
730,"pound, double-slap, body-slam, growl, sing"
731,"swords-dance, fly, fury-attack, take-down, growl"
732,"swords-dance, fly, fury-attack, take-down, growl"
733,"swords-dance, fly, fury-attack, take-down, growl"
734,"sand-attack, tackle, take-down, thrash, double-edge"
735,"fire-punch, ice-punch, thunder-punch, sand-attack, tackle"
736,"vice-grip, take-down, bite, string-shot, thunderbolt"
737,"vice-grip, take-down, bite, string-shot, thunderbolt"
738,"vice-grip, guillotine, fly, take-down, bite"
739,"ice-punch, thunder-punch, slam, body-slam, take-down"
740,"ice-punch, thunder-punch, slam, body-slam, take-down"
741,"pound, double-slap, swords-dance, fly, take-down"
742,"absorb, stun-spore, toxic, psychic, double-team"
743,"take-down, hyper-beam, absorb, solar-beam, stun-spore"
744,"swords-dance, sand-attack, tackle, body-slam, take-down"
745,"swords-dance, sand-attack, tackle, body-slam, take-down"
746,"take-down, double-edge, growl, mist, water-gun"
747,"poison-sting, pin-missile, bite, hydro-pump, surf"
748,"body-slam, poison-sting, pin-missile, bite, hydro-pump"
749,"stomp, double-kick, mega-kick, body-slam, take-down"
750,"stomp, double-kick, mega-kick, body-slam, take-down"
751,"headbutt, bite, water-gun, hydro-pump, surf"
752,"headbutt, body-slam, bite, water-gun, hydro-pump"
753,"swords-dance, take-down, growth, razor-leaf, solar-beam"
754,"swords-dance, take-down, hyper-beam, growth, razor-leaf"
755,"absorb, mega-drain, leech-seed, growth, solar-beam"
756,"hyper-beam, absorb, mega-drain, solar-beam, sleep-powder"
757,"double-slap, scratch, sand-attack, take-down, ember"
758,"pound, double-slap, scratch, body-slam, take-down"
759,"mega-punch, ice-punch, thunder-punch, swords-dance, bind"
760,"mega-punch, ice-punch, thunder-punch, swords-dance, bind"
761,"take-down, razor-leaf, solar-beam, toxic, double-team"
762,"double-slap, stomp, take-down, razor-leaf, solar-beam"
763,"double-slap, stomp, mega-kick, take-down, hyper-beam"
764,"bind, vine-whip, wrap, hyper-beam, leech-seed"
765,"mega-punch, mega-kick, body-slam, take-down, psybeam"
766,"mega-punch, mega-kick, tackle, body-slam, take-down"
767,"sand-attack, surf, toxic, screech, double-team"
768,"swords-dance, sand-attack, pin-missile, surf, ice-beam"
769,"sand-attack, absorb, mega-drain, earthquake, toxic"
770,"sand-attack, body-slam, hyper-beam, absorb, mega-drain"
771,"counter, toxic, screech, double-team, recover"
772,"razor-wind, swords-dance, tackle, take-down, double-edge"
773,"razor-wind, swords-dance, tackle, take-down, double-edge"
774,"tackle, take-down, double-edge, hyper-beam, solar-beam"
775,"swords-dance, slam, body-slam, take-down, thrash"
776,"mega-punch, mega-kick, tackle, body-slam, roar"
777,"tackle, twineedle, pin-missile, hyper-beam, thunder-shock"
778,"scratch, swords-dance, take-down, hyper-beam, thunderbolt"
779,"swords-dance, take-down, bite, disable, water-gun"
780,"razor-wind, fly, roar, flamethrower, mist"
781,"swords-dance, slam, wrap, hydro-pump, surf"
782,"swords-dance, headbutt, tackle, body-slam, take-down"
783,"mega-punch, swords-dance, mega-kick, headbutt, tackle"
784,"mega-punch, fire-punch, ice-punch, thunder-punch, swords-dance"
785,"thunder-punch, fly, roar, hyper-beam, thunder-shock"
786,"psybeam, hyper-beam, thunderbolt, thunder, toxic"
787,"mega-punch, swords-dance, whirlwind, horn-attack, roar"
788,"ice-punch, mist, water-gun, hydro-pump, surf"
789,"teleport, splash"
790,"teleport, cosmic-power"
791,"body-slam, take-down, double-edge, roar, flamethrower"
792,"fly, roar, ice-beam, blizzard, hyper-beam"
793,"pound, bind, headbutt, body-slam, wrap"
794,"comet-punch, mega-punch, ice-punch, thunder-punch, body-slam"
795,"stomp, double-kick, jump-kick, leer, ice-beam"
796,"thunder-punch, bind, wrap, hyper-beam, solar-beam"
797,"fly, tackle, body-slam, double-edge, flamethrower"
798,"guillotine, swords-dance, cut, razor-leaf, toxic"
799,"mega-punch, stomp, mega-kick, body-slam, thrash"
800,"swords-dance, body-slam, hyper-beam, solar-beam, thunder-wave"
801,"body-slam, take-down, sonic-boom, ice-beam, psybeam"
802,"mega-punch, fire-punch, ice-punch, thunder-punch, mega-kick"
803,"fury-attack, pin-missile, growl, acid, peck"
804,"fly, fury-attack, pin-missile, growl, acid"
805,"bind, stomp, mega-kick, tackle, body-slam"
806,"fire-punch, ember, flamethrower, hyper-beam, solar-beam"
807,"mega-punch, pay-day, fire-punch, thunder-punch, scratch"
808,"headbutt, tail-whip, thunder-shock, thunderbolt, thunder-wave"
809,"mega-punch, ice-punch, thunder-punch, mega-kick, headbutt"
810,"mega-punch, scratch, swords-dance, slam, mega-kick"
811,"mega-punch, scratch, swords-dance, slam, mega-kick"
812,"mega-punch, scratch, swords-dance, slam, mega-kick"
813,"double-kick, mega-kick, sand-attack, headbutt, tackle"
814,"swords-dance, double-kick, mega-kick, sand-attack, headbutt"
815,"fire-punch, swords-dance, double-kick, mega-kick, sand-attack"
816,"pound, bind, take-down, growl, mist"
817,"pound, bind, take-down, growl, mist"
818,"pound, swords-dance, bind, take-down, growl"
819,"tackle, body-slam, take-down, double-edge, tail-whip"
820,"swords-dance, tackle, body-slam, take-down, double-edge"
821,"fly, sand-attack, fury-attack, take-down, leer"
822,"fly, fury-attack, take-down, leer, peck"
823,"fly, sand-attack, fury-attack, body-slam, take-down"
824,"supersonic, recover, struggle-bug, sticky-web, infestation"
825,"solar-beam, confusion, psychic, light-screen, reflect"
826,"psybeam, hyper-beam, solar-beam, confusion, psychic"
827,"tail-whip, dig, agility, quick-attack, screech"
828,"tail-whip, hyper-beam, dig, psychic, agility"
829,"sing, leech-seed, growth, razor-leaf, solar-beam"
830,"sing, hyper-beam, razor-leaf, solar-beam, light-screen"
831,"stomp, double-kick, headbutt, tackle, take-down"
832,"swords-dance, double-kick, mega-kick, headbutt, tackle"
833,"headbutt, tackle, body-slam, take-down, bite"
834,"swords-dance, headbutt, tackle, body-slam, take-down"
835,"sand-attack, tackle, double-edge, tail-whip, bite"
836,"tackle, tail-whip, bite, roar, hyper-beam"
837,"tackle, body-slam, take-down, dig, smokescreen"
838,"tackle, body-slam, take-down, flamethrower, fire-spin"
839,"mega-punch, fire-punch, mega-kick, tackle, body-slam"
840,"withdraw, defense-curl, rollout, attract, recycle"
841,"wing-attack, fly, take-down, hyper-beam, leech-seed"
842,"stomp, headbutt, body-slam, take-down, hyper-beam"
843,"slam, sand-attack, headbutt, body-slam, wrap"
844,"slam, sand-attack, headbutt, body-slam, wrap"
845,"fly, fury-attack, take-down, thrash, water-gun"
846,"fury-attack, take-down, thrash, double-edge, bite"
847,"fury-attack, take-down, double-edge, bite, hydro-pump"
848,"growl, acid, rest, substitute, snore"
849,"mega-punch, fire-punch, thunder-punch, mega-kick, take-down"
850,"slam, wrap, bite, ember, fire-spin"
851,"slam, wrap, bite, ember, flamethrower"
852,"mega-punch, ice-punch, bind, body-slam, leer"
853,"mega-punch, ice-punch, bind, body-slam, leer"
854,"psybeam, mega-drain, psychic, night-shade, confuse-ray"
855,"psybeam, hyper-beam, mega-drain, psychic, night-shade"
856,"psybeam, thunder-wave, confusion, psychic, light-screen"
857,"psybeam, thunder-wave, confusion, psychic, light-screen"
858,"swords-dance, psybeam, hyper-beam, thunder-wave, confusion"
859,"mega-punch, mega-kick, take-down, bite, low-kick"
860,"mega-punch, mega-kick, take-down, bite, low-kick"
861,"mega-punch, fire-punch, ice-punch, thunder-punch, mega-kick"
862,"mega-punch, fire-punch, ice-punch, thunder-punch, mega-kick"
863,"pay-day, scratch, swords-dance, body-slam, take-down"
864,"tackle, body-slam, pin-missile, disable, hydro-pump"
865,"swords-dance, slam, sand-attack, body-slam, leer"
866,"pound, mega-punch, ice-punch, double-kick, mega-kick"
867,"slam, disable, hyper-beam, earthquake, psychic"
868,"tackle, recover, acid-armor, rest, substitute"
869,"tackle, hyper-beam, solar-beam, psychic, recover"
870,"swords-dance, headbutt, tackle, body-slam, take-down"
871,"fury-attack, body-slam, take-down, pin-missile, water-gun"
872,"rest, substitute, snore, powder-snow, protect"
873,"take-down, mist, ice-beam, blizzard, aurora-beam"
874,"stomp, mega-kick, body-slam, take-down, hyper-beam"
875,"ice-punch, headbutt, tackle, body-slam, take-down"
876,"pay-day, body-slam, take-down, psybeam, psychic"
877,"thunder-punch, take-down, thrash, double-edge, tail-whip"
878,"whirlwind, slam, stomp, mega-kick, tackle"
879,"stomp, mega-kick, tackle, body-slam, take-down"
880,"mega-punch, thunder-punch, slam, stomp, mega-kick"
881,"mega-punch, thunder-punch, slam, mega-kick, body-slam"
882,"stomp, mega-kick, tackle, body-slam, bite"
883,"body-slam, bite, water-gun, hydro-pump, surf"
884,"swords-dance, body-slam, take-down, double-edge, leer"
885,"bite, disable, thunder-wave, quick-attack, double-team"
886,"take-down, double-edge, bite, flamethrower, hydro-pump"
887,"fly, body-slam, take-down, double-edge, bite"
888,"swords-dance, body-slam, take-down, bite, hyper-beam"
889,"body-slam, take-down, bite, roar, hyper-beam"
890,"fly, body-slam, take-down, flamethrower, hyper-beam"
891,"mega-punch, fire-punch, ice-punch, thunder-punch, swords-dance"
892,"mega-punch, fire-punch, ice-punch, thunder-punch, swords-dance"
893,"mega-punch, scratch, swords-dance, bind, vine-whip"
894,"body-slam, take-down, thrash, hyper-beam, thunder-shock"
895,"vice-grip, body-slam, take-down, thrash, bite"
896,"swords-dance, stomp, double-kick, tackle, body-slam"
897,"stomp, double-kick, tackle, body-slam, take-down"
898,"pound, pay-day, take-down, psybeam, hyper-beam"
899,"stomp, sand-attack, tackle, body-slam, take-down"
900,"swords-dance, take-down, double-edge, leer, hyper-beam"
901,"fire-punch, ice-punch, thunder-punch, scratch, swords-dance"
902,"headbutt, tackle, take-down, thrash, double-edge"
903,"fire-punch, scratch, swords-dance, take-down, leer"
904,"swords-dance, tackle, take-down, double-edge, poison-sting"
905,"fly, tackle, body-slam, take-down, bite"
906,"scratch, take-down, tail-whip, bite, leech-seed"
907,"thunder-punch, scratch, take-down, tail-whip, bite"
908,"thunder-punch, scratch, take-down, tail-whip, bite"
909,"tackle, body-slam, take-down, leer, bite"
910,"tackle, body-slam, take-down, leer, bite"
911,"tackle, body-slam, take-down, leer, bite"
912,"pound, wing-attack, take-down, growl, water-gun"
913,"pound, wing-attack, take-down, growl, water-gun"
914,"pound, swords-dance, wing-attack, mega-kick, take-down"
915,"headbutt, tackle, body-slam, take-down, double-edge"
916,"headbutt, tackle, body-slam, take-down, double-edge"
917,"headbutt, tackle, body-slam, take-down, counter"
918,"headbutt, tackle, body-slam, take-down, low-kick"
919,"double-kick, tackle, take-down, leer, counter"
920,"swords-dance, double-kick, tackle, take-down, double-edge"
921,"scratch, slam, take-down, bite, growl"
922,"thunder-punch, scratch, slam, take-down, bite"
923,"fire-punch, ice-punch, thunder-punch, scratch, slam"
924,"pound, take-down, double-edge, bite, low-kick"
925,"pound, take-down, double-edge, hyper-beam, low-kick"
926,"tackle, body-slam, take-down, double-edge, tail-whip"
927,"tackle, body-slam, take-down, double-edge, tail-whip"
928,"tackle, absorb, mega-drain, leech-seed, growth"
929,"tackle, absorb, mega-drain, leech-seed, growth"
930,"tackle, hyper-beam, absorb, mega-drain, leech-seed"
931,"fly, fury-attack, take-down, double-edge, growl"
932,"headbutt, tackle, body-slam, take-down, rock-throw"
933,"headbutt, tackle, body-slam, take-down, double-edge"
934,"fire-punch, ice-punch, thunder-punch, headbutt, tackle"
935,"take-down, leer, disable, ember, flamethrower"
936,"take-down, leer, ember, flamethrower, psybeam"
937,"swords-dance, take-down, leer, ember, flamethrower"
938,"tackle, water-gun, thunder-shock, thunderbolt, thunder-wave"
939,"tackle, water-gun, hyper-beam, thunder-shock, thunderbolt"
940,"fly, take-down, growl, peck, thunder-shock"
941,"fly, take-down, growl, hyper-beam, peck"
942,"headbutt, tackle, body-slam, take-down, double-edge"
943,"headbutt, tackle, body-slam, take-down, double-edge"
944,"scratch, swords-dance, take-down, double-edge, leer"
945,"scratch, swords-dance, take-down, double-edge, leer"
946,"disable, absorb, mega-drain, leech-seed, solar-beam"
947,"disable, hyper-beam, absorb, mega-drain, leech-seed"
948,"tackle, wrap, supersonic, absorb, mega-drain"
949,"tackle, wrap, supersonic, hyper-beam, absorb"
950,"guillotine, swords-dance, body-slam, take-down, hyper-beam"
951,"headbutt, take-down, leer, bite, leech-seed"
952,"headbutt, take-down, leer, bite, flamethrower"
953,"sand-attack, tackle, take-down, dig, recover"
954,"sand-attack, tackle, take-down, psybeam, hyper-beam"
955,"take-down, growl, psybeam, peck, confusion"
956,"body-slam, take-down, double-edge, growl, psybeam"
957,"swords-dance, slam, thunder-wave, light-screen, reflect"
958,"swords-dance, slam, thunder-wave, light-screen, reflect"
959,"swords-dance, slam, thunder-wave, light-screen, reflect"
960,"slam, sand-attack, headbutt, wrap, take-down"
961,"slam, sand-attack, headbutt, wrap, take-down"
962,"wing-attack, whirlwind, fly, take-down, leer"
963,"body-slam, take-down, supersonic, mist, water-gun"
964,"ice-punch, body-slam, take-down, supersonic, mist"
965,"headbutt, body-slam, take-down, double-edge, toxic"
966,"headbutt, body-slam, take-down, double-edge, hyper-beam"
967,"tackle, body-slam, take-down, double-edge, bite"
968,"tackle, body-slam, wrap, take-down, double-edge"
969,"rock-throw, toxic, harden, confuse-ray, light-screen"
970,"hyper-beam, solar-beam, rock-throw, toxic, harden"
971,"headbutt, tackle, take-down, double-edge, tail-whip"
972,"headbutt, tackle, take-down, double-edge, tail-whip"
973,"swords-dance, wing-attack, fly, double-kick, mega-kick"
974,"tackle, body-slam, take-down, double-edge, growl"
975,"ice-punch, tackle, body-slam, take-down, double-edge"
976,"tackle, body-slam, take-down, thrash, double-edge"
977,"tackle, body-slam, take-down, thrash, double-edge"
978,"take-down, water-gun, hydro-pump, surf, hyper-beam"
979,"fire-punch, ice-punch, thunder-punch, scratch, body-slam"
980,"slam, body-slam, take-down, double-edge, tail-whip"
981,"stomp, tackle, body-slam, take-down, double-edge"
982,"body-slam, take-down, double-edge, flamethrower, ice-beam"
983,"scratch, guillotine, swords-dance, take-down, leer"
984,"horn-attack, body-slam, take-down, double-edge, roar"
985,"pound, fire-punch, ice-punch, thunder-punch, body-slam"
986,"body-slam, thrash, double-edge, hyper-beam, absorb"
987,"psybeam, hyper-beam, thunderbolt, thunder-wave, thunder"
988,"gust, whirlwind, stomp, body-slam, take-down"
989,"body-slam, take-down, supersonic, hyper-beam, thunder-shock"
990,"horn-attack, body-slam, take-down, double-edge, hyper-beam"
991,"ice-punch, body-slam, take-down, hydro-pump, ice-beam"
992,"fire-punch, ice-punch, thunder-punch, swords-dance, whirlwind"
993,"fly, body-slam, take-down, double-edge, roar"
994,"gust, whirlwind, take-down, ember, flamethrower"
995,"fire-punch, ice-punch, thunder-punch, swords-dance, body-slam"
996,"swords-dance, tackle, body-slam, take-down, leer"
997,"swords-dance, tackle, body-slam, take-down, leer"
998,"swords-dance, tackle, body-slam, take-down, double-edge"
999,"tackle, take-down, night-shade, confuse-ray, light-screen"
1000,"thunder-punch, tackle, take-down, hyper-beam, low-kick"
1001,"body-slam, take-down, hyper-beam, absorb, mega-drain"
1002,"swords-dance, take-down, mist, blizzard, hyper-beam"
1003,"whirlwind, stomp, body-slam, take-down, thrash"
1004,"take-down, ember, flamethrower, hyper-beam, fire-spin"
1005,"fly, headbutt, body-slam, take-down, double-edge"
1006,"fire-punch, ice-punch, thunder-punch, swords-dance, disable"
1007,"swords-dance, body-slam, take-down, double-edge, roar"
1008,"swords-dance, body-slam, take-down, hyper-beam, solar-beam"
1009,"body-slam, take-down, double-edge, leer, bite"
1010,"swords-dance, take-down, double-edge, leer, hyper-beam"
1011,"body-slam, take-down, hyper-beam, growth, solar-beam"
1012,"absorb, mega-drain, solar-beam, stun-spore, night-shade"
1013,"hyper-beam, absorb, mega-drain, solar-beam, stun-spore"
1014,"fire-punch, ice-punch, thunder-punch, body-slam, take-down"
1015,"scratch, psybeam, hyper-beam, toxic, confusion"
1016,"swords-dance, wing-attack, fly, double-kick, take-down"
1017,"swords-dance, slam, vine-whip, double-kick, take-down"
1018,"swords-dance, body-slam, take-down, double-edge, leer"
1019,"body-slam, take-down, double-edge, hydro-pump, hyper-beam"
1020,"stomp, double-kick, body-slam, take-down, double-edge"
1021,"stomp, body-slam, take-down, double-edge, roar"
1022,"swords-dance, horn-attack, body-slam, take-down, double-edge"
1023,"swords-dance, body-slam, take-down, double-edge, leer"
1024,"headbutt, body-slam, take-down, double-edge, roar"
1025,"toxic, night-shade, recover, withdraw, defense-curl"
10001,"mega-punch, fire-punch, ice-punch, thunder-punch, cut"
10002,"mega-punch, fire-punch, ice-punch, thunder-punch, cut"
10003,"mega-punch, fire-punch, ice-punch, thunder-punch, cut"
10004,"gust, tackle, psybeam, hyper-beam, solar-beam"
10005,"gust, tackle, psybeam, hyper-beam, solar-beam"
10006,"swords-dance, headbutt, take-down, double-edge, hyper-beam"
10007,"cut, fly, headbutt, body-slam, take-down"
10008,"thunder-shock, thunderbolt, thunder-wave, thunder, toxic"
10009,"hydro-pump, thunder-shock, thunderbolt, thunder-wave, thunder"
10010,"blizzard, thunder-shock, thunderbolt, thunder-wave, thunder"
10011,"thunder-shock, thunderbolt, thunder-wave, thunder, toxic"
10012,"thunder-shock, thunderbolt, thunder-wave, thunder, toxic"
10013,"headbutt, tackle, body-slam, double-edge, disable"
10014,"headbutt, tackle, body-slam, double-edge, disable"
10015,"headbutt, tackle, body-slam, double-edge, disable"
10016,"cut, headbutt, tackle, take-down, thrash"
10017,"mega-punch, fire-punch, mega-kick, headbutt, tackle"
10018,"fire-punch, ice-punch, thunder-punch, swords-dance, sing"
10019,"gust, fly, body-slam, take-down, thrash"
10020,"thunder-punch, fly, body-slam, take-down, thrash"
10021,"swords-dance, fly, body-slam, take-down, leer"
10022,"cut, fly, body-slam, take-down, roar"
10023,"cut, fly, body-slam, take-down, roar"
10024,"swords-dance, cut, double-kick, take-down, double-edge"
10025,"pay-day, scratch, cut, leer, psybeam"
10026,"swords-dance, cut, tackle, hyper-beam, toxic"
10027,"disable, flamethrower, leech-seed, razor-leaf, solar-beam"
10028,"disable, flamethrower, leech-seed, razor-leaf, solar-beam"
10029,"disable, flamethrower, leech-seed, razor-leaf, solar-beam"
10030,"flamethrower, hyper-beam, leech-seed, razor-leaf, solar-beam"
10031,"flamethrower, hyper-beam, leech-seed, razor-leaf, solar-beam"
10032,"flamethrower, hyper-beam, leech-seed, razor-leaf, solar-beam"
10033,"swords-dance, cut, bind, vine-whip, headbutt"
10034,"fire-punch, thunder-punch, scratch, swords-dance, cut"
10035,"fire-punch, thunder-punch, scratch, swords-dance, cut"
10036,"ice-punch, headbutt, tackle, tail-whip, bite"
10037,"fire-punch, ice-punch, thunder-punch, headbutt, disable"
10038,"fire-punch, ice-punch, thunder-punch, headbutt, disable"
10039,"comet-punch, mega-punch, fire-punch, ice-punch, thunder-punch"
10040,"vice-grip, guillotine, swords-dance, cut, bind"
10041,"bind, headbutt, thrash, leer, bite"
10042,"wing-attack, whirlwind, fly, headbutt, take-down"
10043,"pay-day, fire-punch, ice-punch, thunder-punch, headbutt"
10044,"pay-day, fire-punch, ice-punch, thunder-punch, headbutt"
10045,"fire-punch, thunder-punch, tackle, take-down, growl"
10046,"razor-wind, swords-dance, cut, leer, hyper-beam"
10047,"swords-dance, cut, horn-attack, fury-attack, tackle"
10048,"leer, bite, roar, ember, flamethrower"
10049,"fire-punch, ice-punch, thunder-punch, cut, thrash"
10050,"fire-punch, thunder-punch, scratch, swords-dance, cut"
10051,"fire-punch, ice-punch, thunder-punch, growl, hyper-beam"
10052,"ice-punch, thunder-punch, vice-grip, swords-dance, slam"
10053,"fire-punch, ice-punch, thunder-punch, cut, headbutt"
10054,"fire-punch, ice-punch, thunder-punch, hyper-beam, low-kick"
10055,"tackle, leer, bite, roar, flamethrower"
10056,"hyper-beam, thunderbolt, thunder-wave, thunder, toxic"
10057,"scratch, razor-wind, swords-dance, cut, double-edge"
10058,"swords-dance, cut, sand-attack, tackle, take-down"
10059,"ice-punch, thunder-punch, swords-dance, roar, hyper-beam"
10060,"ice-punch, swords-dance, leer, mist, ice-beam"
10061,"vine-whip, tackle, razor-leaf, solar-beam, petal-dance"
10062,"cut, fly, roar, surf, ice-beam"
10063,"cut, fly, roar, surf, ice-beam"
10064,"ice-punch, tackle, take-down, growl, roar"
10065,"pound, thunder-punch, swords-dance, cut, slam"
10066,"fire-punch, ice-punch, thunder-punch, scratch, cut"
10067,"fly, fury-attack, take-down, growl, roar"
10068,"fire-punch, ice-punch, thunder-punch, swords-dance, cut"
10069,"pound, double-slap, fire-punch, ice-punch, thunder-punch"
10070,"leer, bite, roar, surf, ice-beam"
10071,"pay-day, ice-punch, stomp, headbutt, tackle"
10072,"cut, bind, slam, tackle, double-edge"
10073,"razor-wind, gust, wing-attack, whirlwind, fly"
10074,"headbutt, leer, bite, ice-beam, blizzard"
10075,"tackle, hyper-beam, rock-throw, toxic, psychic"
10076,"ice-punch, thunder-punch, cut, take-down, hyper-beam"
10077,"body-slam, double-edge, roar, hydro-pump, surf"
10078,"fire-punch, thunder-punch, swords-dance, cut, roar"
10079,"swords-dance, fly, bind, roar, flamethrower"
10080,"thunder-punch, slam, tail-whip, growl, strength"
10081,"thunder-punch, slam, tail-whip, growl, strength"
10082,"thunder-punch, slam, tail-whip, growl, strength"
10083,"thunder-punch, slam, tail-whip, growl, strength"
10084,"thunder-punch, slam, tail-whip, growl, strength"
10085,"thunder-punch, slam, tail-whip, growl, strength"
10086,"fire-punch, ice-punch, thunder-punch, take-down, psybeam"
10087,"tackle, take-down, growl, roar, ember"
10088,"pound, fire-punch, ice-punch, thunder-punch, cut"
10089,"cut, fly, headbutt, double-edge, leer"
10090,"swords-dance, cut, headbutt, fury-attack, twineedle"
10091,"headbutt, tackle, double-edge, tail-whip, bite"
10092,"swords-dance, headbutt, tackle, double-edge, tail-whip"
10093,"swords-dance, tackle, double-edge, tail-whip, bite"
10094,"mega-punch, pay-day, thunder-punch, slam, mega-kick"
10095,"mega-punch, pay-day, thunder-punch, slam, mega-kick"
10096,"mega-punch, pay-day, thunder-punch, slam, mega-kick"
10097,"mega-punch, pay-day, thunder-punch, slam, mega-kick"
10098,"mega-punch, pay-day, thunder-punch, slam, mega-kick"
10099,"mega-punch, pay-day, thunder-punch, slam, mega-kick"
10100,"mega-punch, pay-day, thunder-punch, slam, mega-kick"
10101,"ice-punch, scratch, swords-dance, headbutt, body-slam"
10102,"ice-punch, scratch, swords-dance, headbutt, body-slam"
10103,"headbutt, tackle, body-slam, take-down, double-edge"
10104,"headbutt, tackle, body-slam, take-down, double-edge"
10105,"scratch, swords-dance, sand-attack, headbutt, body-slam"
10106,"scratch, swords-dance, sand-attack, headbutt, body-slam"
10107,"pay-day, scratch, headbutt, body-slam, take-down"
10108,"pay-day, scratch, headbutt, body-slam, take-down"
10109,"fire-punch, thunder-punch, headbutt, tackle, body-slam"
10110,"fire-punch, thunder-punch, headbutt, tackle, body-slam"
10111,"mega-punch, fire-punch, thunder-punch, headbutt, tackle"
10112,"pound, fire-punch, ice-punch, thunder-punch, headbutt"
10113,"pound, fire-punch, ice-punch, thunder-punch, headbutt"
10114,"swords-dance, headbutt, body-slam, take-down, double-edge"
10115,"mega-punch, fire-punch, thunder-punch, swords-dance, mega-kick"
10116,"pound, ice-punch, growl, hydro-pump, surf"
10117,"pound, ice-punch, swords-dance, take-down, growl"
10118,"bind, body-slam, bite, hyper-beam, earthquake"
10119,"bind, body-slam, bite, hyper-beam, earthquake"
10120,"bind, body-slam, bite, hyper-beam, earthquake"
10121,"fire-punch, ice-punch, thunder-punch, sand-attack, tackle"
10122,"vice-grip, guillotine, bite, hyper-beam, solar-beam"
10123,"pound, double-slap, swords-dance, fly, take-down"
10124,"pound, double-slap, swords-dance, fly, take-down"
10125,"pound, double-slap, swords-dance, fly, take-down"
10126,"mega-punch, fire-punch, thunder-punch, swords-dance, mega-kick"
10127,"take-down, double-edge, growl, mist, water-gun"
10128,"swords-dance, hyper-beam, growth, razor-leaf, solar-beam"
10129,"pound, double-slap, disable, ember, flamethrower"
10130,"tackle, take-down, double-edge, hyper-beam, solar-beam"
10131,"tackle, take-down, double-edge, hyper-beam, solar-beam"
10132,"tackle, take-down, double-edge, hyper-beam, solar-beam"
10133,"tackle, take-down, double-edge, hyper-beam, solar-beam"
10134,"tackle, take-down, double-edge, hyper-beam, solar-beam"
10135,"tackle, take-down, double-edge, hyper-beam, solar-beam"
10136,"tackle, take-down, double-edge, hyper-beam, solar-beam"
10137,"tackle, take-down, double-edge, hyper-beam, solar-beam"
10138,"tackle, take-down, double-edge, hyper-beam, solar-beam"
10139,"tackle, take-down, double-edge, hyper-beam, solar-beam"
10140,"tackle, take-down, double-edge, hyper-beam, solar-beam"
10141,"tackle, take-down, double-edge, hyper-beam, solar-beam"
10142,"tackle, take-down, double-edge, hyper-beam, solar-beam"
10143,"scratch, swords-dance, take-down, surf, hyper-beam"
10144,"scratch, swords-dance, hyper-beam, thunderbolt, thunder-wave"
10145,"scratch, swords-dance, surf, hyper-beam, thunderbolt"
10146,"fire-punch, ice-punch, thunder-punch, swords-dance, headbutt"
10147,"body-slam, take-down, sonic-boom, ice-beam, psybeam"
10148,"mega-punch, pay-day, thunder-punch, slam, mega-kick"
10149,"fire-punch, thunder-punch, swords-dance, thrash, tail-whip"
10150,"absorb, solar-beam, stun-spore, toxic, psychic"
10151,"swords-dance, sand-attack, tackle, body-slam, take-down"
10152,"swords-dance, sand-attack, tackle, take-down, thrash"
10153,"bite, surf, ice-beam, blizzard, bubble-beam"
10154,"tackle, twineedle, pin-missile, thunder-shock, thunderbolt"
10155,"swords-dance, body-slam, hyper-beam, solar-beam, thunder-wave"
10156,"swords-dance, body-slam, hyper-beam, solar-beam, thunder-wave"
10157,"swords-dance, hyper-beam, solar-beam, thunder-wave, earthquake"
10158,"pay-day, thunder-punch, slam, double-kick, headbutt"
10159,"pay-day, double-kick, sand-attack, headbutt, tackle"
10160,"mega-punch, pay-day, thunder-punch, slam, mega-kick"
10161,"pay-day, scratch, swords-dance, body-slam, take-down"
10162,"stomp, double-kick, horn-drill, tackle, body-slam"
10163,"pay-day, swords-dance, stomp, tackle, body-slam"
10164,"pay-day, stomp, headbutt, tackle, body-slam"
10165,"mega-punch, pay-day, ice-punch, mega-kick, headbutt"
10166,"swords-dance, slam, sand-attack, body-slam, double-edge"
10167,"tackle, body-slam, take-down, double-edge, flamethrower"
10168,"pound, mega-punch, ice-punch, double-kick, mega-kick"
10169,"gust, fly, take-down, psybeam, hyper-beam"
10170,"fly, mega-kick, take-down, double-edge, hyper-beam"
10171,"gust, wing-attack, fly, take-down, leer"
10172,"mega-punch, pay-day, fire-punch, ice-punch, thunder-punch"
10173,"tackle, body-slam, disable, hydro-pump, surf"
10174,"sand-attack, headbutt, tackle, body-slam, take-down"
10175,"sand-attack, headbutt, tackle, body-slam, take-down"
10176,"mega-punch, fire-punch, ice-punch, mega-kick, headbutt"
10177,"mega-punch, fire-punch, ice-punch, mega-kick, headbutt"
10178,"mega-punch, fire-punch, ice-punch, mega-kick, headbutt"
10179,"slam, disable, earthquake, psychic, night-shade"
10180,"bind, tackle, water-gun, surf, counter"
10181,"bind, body-slam, bite, hyper-beam, earthquake"
10182,"fly, fury-attack, thrash, water-gun, hydro-pump"
10183,"fly, fury-attack, thrash, water-gun, hydro-pump"
10184,"mega-punch, fire-punch, thunder-punch, mega-kick, take-down"
10185,"ice-punch, headbutt, tackle, body-slam, take-down"
10186,"pay-day, body-slam, take-down, psybeam, psychic"
10187,"thunder-punch, take-down, thrash, double-edge, tail-whip"
10188,"swords-dance, body-slam, take-down, bite, hyper-beam"
10189,"body-slam, take-down, bite, roar, hyper-beam"
10190,"fly, flamethrower, hyper-beam, solar-beam, toxic"
10191,"mega-punch, fire-punch, ice-punch, thunder-punch, swords-dance"
10192,"mega-punch, scratch, swords-dance, bind, vine-whip"
10193,"pound, pay-day, swords-dance, stomp, double-kick"
10194,"pound, pay-day, stomp, double-kick, tackle"
10195,
10196,
10197,
10198,
10199,
10200,
10201,
10202,
10203,
10204,
10205,
10206,
10207,
10208,
10209,
10210,
10211,
10212,
10213,
10214,
10215,
10216,
10217,
10218,
10219,
10220,
10221,
10222,
10223,
10224,
10225,
10226,
10227,
10228,
10229,"double-kick, tackle, body-slam, take-down, thrash"
10230,"tackle, body-slam, take-down, double-edge, leer"
10231,"tackle, take-down, double-edge, leech-seed, solar-beam"
10232,"tackle, take-down, double-edge, hyper-beam, solar-beam"
10233,"fire-punch, thunder-punch, tackle, body-slam, take-down"
10234,"swords-dance, tackle, take-down, double-edge, poison-sting"
10235,"scratch, swords-dance, take-down, leer, low-kick"
10236,"swords-dance, tackle, body-slam, take-down, tail-whip"
10237,"swords-dance, mega-kick, take-down, hyper-beam, low-kick"
10238,"scratch, take-down, leer, roar, hyper-beam"
10239,"scratch, swords-dance, body-slam, take-down, leer"
10240,"wing-attack, whirlwind, fly, body-slam, take-down"
10241,"tackle, body-slam, take-down, water-gun, hydro-pump"
10242,"fire-punch, thunder-punch, tackle, body-slam, take-down"
10243,"tackle, body-slam, take-down, double-edge, bite"
10244,"swords-dance, gust, tackle, take-down, growl"
10245,"body-slam, take-down, flamethrower, ice-beam, blizzard"
10246,"body-slam, take-down, flamethrower, hydro-pump, surf"
10247,"headbutt, tackle, take-down, thrash, double-edge"
10248,"headbutt, tackle, take-down, thrash, double-edge"
10249,"fly, body-slam, take-down, hyper-beam, psychic"
10250,"double-kick, headbutt, tackle, body-slam, take-down"
10251,"double-kick, headbutt, tackle, body-slam, take-down"
10252,"double-kick, headbutt, tackle, body-slam, take-down"
10253,"slam, double-kick, tackle, body-slam, take-down"
10254,"headbutt, tackle, body-slam, take-down, double-edge"
10255,"body-slam, take-down, double-edge, flamethrower, ice-beam"
10256,"ice-punch, body-slam, take-down, supersonic, mist"
10257,"pound, take-down, double-edge, hyper-beam, low-kick"
10258,"take-down, water-gun, hydro-pump, surf, hyper-beam"
10259,"take-down, water-gun, hydro-pump, surf, hyper-beam"
10260,"fly, fury-attack, take-down, double-edge, growl"
10261,"fly, fury-attack, take-down, double-edge, growl"
10262,"fly, fury-attack, take-down, double-edge, growl"
10263,"tackle, take-down, night-shade, confuse-ray, light-screen"
10264,"swords-dance, body-slam, take-down, roar, flamethrower"
10265,"swords-dance, body-slam, take-down, roar, flamethrower"
10266,"swords-dance, body-slam, take-down, roar, flamethrower"
10267,"swords-dance, body-slam, take-down, roar, flamethrower"
10268,"swords-dance, body-slam, take-down, hyper-beam, solar-beam"
10269,"swords-dance, body-slam, take-down, hyper-beam, solar-beam"
10270,"swords-dance, body-slam, take-down, hyper-beam, solar-beam"
10271,"swords-dance, body-slam, take-down, hyper-beam, solar-beam"
10272,"fire-punch, ice-punch, thunder-punch, scratch, swords-dance"
10273,"swords-dance, slam, vine-whip, double-kick, take-down"
10274,"swords-dance, slam, vine-whip, double-kick, take-down"
10275,"swords-dance, slam, vine-whip, double-kick, take-down"
10276,"headbutt, body-slam, take-down, double-edge, roar"
10277,"headbutt, body-slam, take-down, double-edge, roar"